What is your current role in the company?,What is the size of your company?,What is the main focus of your company?,How many years has your company been operating?,To what extent is AI currently used in your company’s strategic planning?  ,Which AI technologies are used in your company?  ,For what purposes is AI used in your company’s strategy?  , AI tools improve the quality of strategic decision-making in our company.  , Which Agile framework(s) does your organization follow?  ,"How often does your team engage in Agile ceremonies (e.g., sprints, stand-ups)?  ",Agile practices in our company are effectively embedded into strategic planning.  , Our organization adapts quickly to change thanks to Agile methodologies.  ,"AI has helped our company respond better to unexpected disruptions (e.g., COVID, tech failures, market shifts).  ",Our company is resilient in the face of market volatility.  ,AI integration has improved our ability to make fast strategic adjustments.  ,Combining AI and Agile has significantly improved our business adaptability.  ,"In your opinion, what is the greatest benefit of using AI in strategy development?  ",Have you encountered any challenges when implementing AI into your Agile processes? Please describe.  
Strategy / Operations Manager,Over 250 employees,Finance,More than 6 years,2,"Machine Learning, Natural Language Processing","Market analysis, Decision-making support, Forecasting trends",5,Scrum,4,4,5,4,4,5,4,To make money more quick and easy,Resistance to change
CEO / CTO,11 - 50 employees,GovTech,1 - 3 years,5,"Machine Learning, Natural Language Processing, Predictive Analytics, Chatbots / Virtual Assistants, Computer Vision","Market analysis, Product development",2,Lean Startup,3,2,4,1,2,2,2,not using it,reduced iq
Sales Engineer,Over 250 employees,sales of electrical equipment,More than 6 years,1,We do not use AI,We do not use AI in strategic contexts,1,We don’t use Agile,1,1,1,1,1,1,1,"AI can analyze vast amounts of data quickly, enhancing strategic decision-making by providing real-time data-driven insights and predictive analytics.",
Strategy / Operations Manager,Over 250 employees,Software Development,More than 6 years,2,Chatbots / Virtual Assistants,We do not use AI in strategic contexts,2,Scrum,5,5,4,5,4,3,3,Faster to provide info,No
Architect,Over 250 employees,FinTech,More than 6 years,3,"Machine Learning, Natural Language Processing, Predictive Analytics, Chatbots / Virtual Assistants, Recommendation Systems","Market analysis, Product development, Forecasting trends",4,"Scrum, Kanban",2,5,4,2,4,3,4,Improved market predictions,"GDPR, data locality issues"
Founder / Co - Founder,1 - 10 employees,Marketing,1 - 3 years,2,Chatbots / Virtual Assistants,"Market analysis, Customer segmentation, Decision-making support, Forecasting trends",3,We don’t use Agile,1,1,1,3,4,3,2,"Market analysis, structure and planning",No
Founder / Co - Founder,1 - 10 employees,E-commerce,4 - 6 years,2,"Machine Learning, Natural Language Processing, Chatbots / Virtual Assistants","Market analysis, Decision-making support, Forecasting trends",3,"Kanban, Lean Startup",4,3,3,4,2,3,4,"The greatest benefit of using AI in strategy development is the ability to rapidly analyze vast amounts of data to uncover patterns, trends, and insights that would be difficult or nearly impossible for humans to detect on their own.

Here’s why this is transformative:

Enhanced Decision-Making: AI provides evidence-based recommendations, reduces guesswork, and helps leaders make smarter, more informed strategic choices.
Speed and Agility: AI can process and interpret information far faster than humans, enabling organizations to respond quickly to market changes or emerging risks.
Predictive Analytics: AI can anticipate future market trends, customer behaviors, or potential disruptions, giving organizations a proactive edge.
Personalization and Customization: Strategies can be tailored more precisely to specific audience segments or market conditions.
Continuous Learning: AI models can constantly improve as they take in new data, fine-tuning strategies over time.","1. Alignment with Agile Iteration Cycles
AI and machine learning projects often require significant time for data gathering, model training, and validation. This can be at odds with Agile’s preference for short, iterative sprints delivering shippable increments. Teams may struggle to break down complex AI tasks into small enough pieces for each sprint.

2. Data Quality and Availability
AI’s effectiveness hinges on high-quality, relevant data. In Agile, new features and user stories are prioritized for delivery, but if the required data isn’t ready, bottlenecks occur. Cross-functional communication and early data pipeline development become crucial.

3. Cross-Functional Team Skills
Agile teams are ideally cross-functional, but not every team member may have AI/ML expertise. Skill gaps lead to reliance on a few specialists, slowing progress and impacting Agile’s collaboration promise.

4. Uncertain Outcomes
AI projects often come with inherent uncertainty: sometimes, even with the best efforts, models don’t deliver the expected results. This unpredictability challenges Agile planning, estimation, and demo expectations.

5. Integration and Deployment
AI models require special handling in deployment and monitoring compared to regular software. Agile teams may need to adjust DevOps practices (MLOps) to monitor model drift, automate retraining, and ensure seamless releases.

"
Founder / Co - Founder,1 - 10 employees,E-commerce,Less than 1 year,4,Chatbots / Virtual Assistants,"Customer segmentation, Decision-making support, Product development",4,We don’t use Agile,1,3,3,3,3,3,3,"That you save money, time and energy using AI as a expert assistant in your industry and also some other AI tools if needed ",-
Strategy / Operations Manager,11 - 50 employees,E-commerce,1 - 3 years,3,"Predictive Analytics, Chatbots / Virtual Assistants","Market analysis, Forecasting trends",3,We don’t use Agile,3,3,3,3,3,3,3,"The greatest benefit of using AI in strategy development is its ability to analyze massive volumes of data quickly and extract actionable patterns that humans might miss, enabling faster, more informed, and more adaptive decision-making.",No.
Strategy / Operations Manager,Over 250 employees,Energy industry,More than 6 years,3,"Machine Learning, Predictive Analytics","Market analysis, Decision-making support, Risk management, Forecasting trends",5,Scrum,3,3,4,4,2,4,4,Better understanding of market fundamentals,"Lots of potential synergies discovered during implementation, most if them verry dynamic with high switching rate"
Employee,11 - 50 employees,Software Development,4 - 6 years,5,"Machine Learning, Predictive Analytics, Chatbots / Virtual Assistants, Computer Vision","Product development, Forecasting trends",5,Scrum,5,5,5,5,3,4,4,Step by step guides if needed,No
Strategy / Operations Manager,11 - 50 employees,Education,More than 6 years,2,Chatbots / Virtual Assistants,We do not use AI in strategic contexts,1,We don’t use Agile,1,1,1,2,3,2,1,IT can aid in forming ideas ,I have not faced any issues 
Founder / Co - Founder,1 - 10 employees,Video Production,Less than 1 year,3,"Predictive Analytics, Recommendation Systems","Market analysis, Customer segmentation, Risk management",4,Lean Startup,1,2,2,2,2,4,4, I think the most important thing about using AI is how easy it is to use and the fact that it's available to you at any time of day. It also provides useful information tailored to your specific needs.,-
CEO / CTO,1 - 10 employees,Retail,More than 6 years,1,We do not use AI,We do not use AI in strategic contexts,1,We don’t use Agile,1,1,1,3,3,3,3,"AI can rapidly process vast amounts of data—internal operations, market trends, competitor actions, and customer behavior—much faster and more comprehensively than humans alone. In volatile environments, AI can support dynamic strategy updates by continuously analyzing incoming data and suggesting adjustments.",-
Senior,Over 250 employees,Finance,More than 6 years,5,"Machine Learning, Predictive Analytics","Risk management, Forecasting trends",5,We don’t use Agile,1,1,1,5,3,5,3,Time saving,-
Marketing,Over 250 employees,"E-commerce, B2B Retail, B2C Retail",More than 6 years,2,"Predictive Analytics, Chatbots / Virtual Assistants",We do not use AI in strategic contexts,1,We don’t use Agile,1,1,1,1,4,1,1,"If it has been trained on historic data it can come with different aproaches, that maybe are not that obvious.",No
Software developer,Over 250 employees,Software Development,More than 6 years,5,Recommendation Systems,Decision-making support,3,Scrum,5,5,5,3,2,3,4,Faster decision making process,No
Digital Forensic Examinator,Over 250 employees,Police Investigations,More than 6 years,2,"Predictive Analytics, We do not use AI",We do not use AI in strategic contexts,1,We don’t use Agile,1,1,1,1,1,1,1,"Unfortunately, we don’t use AI for strategy development.",Not applicable. 
Strategy / Operations Manager,51 - 100 employees,E-commerce,4 - 6 years,3,Predictive Analytics,Risk management,3,Lean Startup,3,2,3,3,3,3,3,Raspunusul unor intrebari,"Da , mai multe erori"
Strategy / Operations Manager,51 - 100 employees,Software Development,1 - 3 years,3,"Machine Learning, Predictive Analytics, Chatbots / Virtual Assistants","Market analysis, Decision-making support, Forecasting trends",4,Scrum,4,3,3,2,3,2,2,forecasting,hard to develop new networks
Strategy / Operations Manager,101 - 250 employees,"Software Development, FinTech",More than 6 years,3,"Machine Learning, Chatbots / Virtual Assistants, Recommendation Systems","Decision-making support, Product development, Forecasting trends",3,Scrum,4,4,4,2,3,3,4,-,-
Developer,101 - 250 employees,Software Development,More than 6 years,2,Chatbots / Virtual Assistants,"Product development, We do not use AI in strategic contexts",2,We don’t use Agile,1,1,1,1,1,1,1,"AI is revolutionizing business decision-making. By analyzing vast amounts of data, AI can help you identify patterns and trends not easily detected by human analysts. This capability can help you make more informed, strategic decisions and reduce the risk of errors.","No, I don't think so"
Consulting Manager,51 - 100 employees,Consulting,More than 6 years,1,"Natural Language Processing, Chatbots / Virtual Assistants",Decision-making support,2,"Scrum, Kanban",2,2,2,2,2,2,2,analyzing huge amount of data to take better decisions,"yes, implementing this in integration with existing processes is a real challenge"
Founder / Co - Founder,1 - 10 employees,E-commerce,1 - 3 years,2,Natural Language Processing,"Market analysis, Product development",3,We don’t use Agile,1,1,1,3,3,5,3,"Marketing, planning, learning about new costumers and shorter time, better contents. ",I don't use Agile yet. 
Founder / Co - Founder,1 - 10 employees,HealthTech,More than 6 years,1,We do not use AI,We do not use AI in strategic contexts,1,We don’t use Agile,1,1,1,3,2,1,1,I will use for the social media posts,I will just start to implement
CEO / CTO,11 - 50 employees,Software Development,1 - 3 years,4,"Machine Learning, Predictive Analytics, Chatbots / Virtual Assistants","Market analysis, Product development",3,Scrum,3,3,2,2,3,3,3,forecasting,no
CEO / CTO,51 - 100 employees,"AI/ML Services, E-commerce",4 - 6 years,4,"Machine Learning, Natural Language Processing, Predictive Analytics, Chatbots / Virtual Assistants","Customer segmentation, Product development, Forecasting trends",4,"Scrum, Lean Startup",2,2,4,4,3,4,4,fast bug fixing,lack of information on some topics
Founder / Co - Founder,11 - 50 employees,FinTech,4 - 6 years,5,"Machine Learning, Natural Language Processing, Predictive Analytics, Chatbots / Virtual Assistants, Recommendation Systems, Computer Vision","Market analysis, Customer segmentation, Decision-making support, Product development, Risk management, Forecasting trends",5,"Scrum, Lean Startup",5,5,5,5,5,5,5,"Faster results, easy documentations","yes, the lack of learning for some topics plus some code bugs that needed to be fixed by the developer"
Product Manager,11 - 50 employees,Software Development,4 - 6 years,4,"Machine Learning, Chatbots / Virtual Assistants","Decision-making support, Forecasting trends",4,SAFe (Scaled Agile Framework),4,4,2,3,4,4,3,"market analysis, faster documents",lack of experts
Founder / Co - Founder,51 - 100 employees,"FinTech, AI/ML Services",1 - 3 years,2,"Natural Language Processing, Chatbots / Virtual Assistants","Decision-making support, Risk management",2,Kanban,3,3,2,5,1,5,2,Faster response to market trends and customer needs.,Integrating AI tools with existing workflows is difficult.
Strategy / Operations Manager,Over 250 employees,"HealthTech, E-commerce",More than 6 years,1,"Machine Learning, Predictive Analytics","Customer segmentation, Product development",1,Kanban,5,5,2,4,2,1,1,Automation of repetitive planning tasks.,It’s hard to align agile flexibility with rigid AI model structures.
CEO / CTO,1 - 10 employees,"EdTech, AI/ML Services",1 - 3 years,2,"Machine Learning, Predictive Analytics","Market analysis, Customer segmentation, Product development, Forecasting trends",5,Kanban,4,3,4,5,3,1,1,Enhanced predictive capabilities in product development.,Resistance to change from leadership
Strategy / Operations Manager,51 - 100 employees,"HealthTech, E-commerce",Less than 1 year,4,"Machine Learning, Natural Language Processing, Computer Vision","Market analysis, Customer segmentation, Product development, Forecasting trends",2,Kanban,3,5,3,3,5,5,5, Enhanced predictive capabilities in product development,Team lacks the technical skills to fully utilize AI
Product Manager,51 - 100 employees,"Software Development, FinTech, AI/ML Services",Less than 1 year,5,"Recommendation Systems, Computer Vision","Market analysis, Customer segmentation, Product development, Forecasting trends",3,Kanban,1,2,2,2,5,4,1,Stronger alignment between strategy and execution,Data quality issues affect AI model reliability
Strategy / Operations Manager,101 - 250 employees,"FinTech, AI/ML Services",More than 6 years,3,"Machine Learning, Natural Language Processing, Computer Vision",We do not use AI in strategic contexts,3,"Scrum, Kanban",3,4,5,5,1,1,2,Automation of repetitive planning tasks,Data quality issues affect AI model reliability
Strategy / Operations Manager,11 - 50 employees,AI/ML Services,1 - 3 years,1,"Recommendation Systems, Computer Vision",We do not use AI in strategic contexts,3,Scrum,5,1,3,3,5,5,1,Automation of repetitive planning tasks,Integrating AI tools with existing workflows is difficult.
Founder / Co - Founder,11 - 50 employees,Software Development,1 - 3 years,4,"Recommendation Systems, Computer Vision","Decision-making support, Risk management",2,We don’t use Agile,3,1,5,4,1,2,2,Improved decision-making through real-time data insights,Data quality issues affect AI model reliability
CEO / CTO,1 - 10 employees,"HealthTech, E-commerce",4 - 6 years,5,"Natural Language Processing, Chatbots / Virtual Assistants","Customer segmentation, Product development",4,Lean Startup,1,1,3,2,3,2,1,Enhanced predictive capabilities in product development.,Data quality issues affect AI model reliability
Strategy / Operations Manager,Over 250 employees,Software Development,1 - 3 years,2,We do not use AI,"Market analysis, Forecasting trends",1,Scrum,3,1,4,2,2,3,3,Improved decision-making through real-time data insights, Resistance to change from leadership
Innovation Officer,11 - 50 employees,"HealthTech, E-commerce",Less than 1 year,3,"Chatbots / Virtual Assistants, Recommendation Systems","Decision-making support, Risk management",1,Lean Startup,5,3,5,5,1,3,5,Enhanced predictive capabilities in product development,: It’s hard to align agile flexibility with rigid AI model structures.
CEO / CTO,1 - 10 employees,AI/ML Services,4 - 6 years,1,"Chatbots / Virtual Assistants, Recommendation Systems",We do not use AI in strategic contexts,3,We don’t use Agile,3,1,3,3,2,5,2,Faster response to market trends and customer needs,Team lacks the technical skills to fully utilize AI.
Founder / Co - Founder,Over 250 employees,"Software Development, FinTech, AI/ML Services",1 - 3 years,1,"Natural Language Processing, Chatbots / Virtual Assistants","Market analysis, Forecasting trends",2,SAFe (Scaled Agile Framework),1,1,4,4,4,1,4,Stronger alignment between strategy and execution.,Data quality issues affect AI model reliability
Agile Coach / Scrum Master,51 - 100 employees,AI/ML Services,Less than 1 year,4,We do not use AI,"Customer segmentation, Product development",4,Kanban,4,3,5,2,3,4,4,Automation of repetitive planning tasks,It’s hard to align agile flexibility with rigid AI model structures.
Founder / Co - Founder,51 - 100 employees,"EdTech, AI/ML Services",More than 6 years,5,"Machine Learning, Natural Language Processing, Computer Vision",We do not use AI in strategic contexts,5,Lean Startup,3,3,4,3,1,1,4,"Automation of repetitive planning tasks.
","Data quality issues affect AI model reliability.
"
CEO / CTO,1 - 10 employees,"FinTech, AI/ML Services",More than 6 years,4,"Machine Learning, Predictive Analytics","Decision-making support, Risk management",3,"Scrum, Kanban",3,3,2,1,3,1,2,Automation of repetitive planning tasks,It’s hard to align agile flexibility with rigid AI model structures.
Agile Coach / Scrum Master,101 - 250 employees,"HealthTech, E-commerce",1 - 3 years,1,"Machine Learning, Predictive Analytics",We do not use AI in strategic contexts,1,SAFe (Scaled Agile Framework),2,5,2,4,2,4,4,Enhanced predictive capabilities in product development,Resistance to change from leadership
Innovation Officer,Over 250 employees,Software Development,4 - 6 years,3,"Machine Learning, Natural Language Processing, Computer Vision","Market analysis, Forecasting trends",3,Lean Startup,3,4,3,5,3,1,4,: Enhanced predictive capabilities in product development,Team lacks the technical skills to fully utilize AI.
Agile Coach / Scrum Master,51 - 100 employees,"HealthTech, E-commerce",Less than 1 year,5,We do not use AI,We do not use AI in strategic contexts,4,Scrum,3,4,5,1,1,1,1,"Enhanced predictive capabilities in product development.
"," It’s hard to align agile flexibility with rigid AI model structures.
"
Innovation Officer,101 - 250 employees,AI/ML Services,4 - 6 years,4,"Natural Language Processing, Chatbots / Virtual Assistants","Customer segmentation, Product development",1,We don’t use Agile,4,4,4,5,2,4,4,: Improved decision-making through real-time data insights,Team lacks the technical skills to fully utilize AI
Strategy / Operations Manager,11 - 50 employees,"Software Development, FinTech, AI/ML Services",4 - 6 years,2,"Recommendation Systems, Computer Vision","Market analysis, Customer segmentation, Product development, Forecasting trends",1,We don’t use Agile,3,3,1,2,4,3,3,Automation of repetitive planning tasks,Data quality issues affect AI model reliability
Agile Coach / Scrum Master,Over 250 employees,Software Development,More than 6 years,4,We do not use AI,"Decision-making support, Risk management",3,"Scrum, Kanban",3,1,3,5,5,1,2,"Automation of repetitive planning tasks.
","Integrating AI tools with existing workflows is difficult.
"
Product Manager,1 - 10 employees,"HealthTech, E-commerce",1 - 3 years,5,"Machine Learning, Natural Language Processing, Computer Vision","Market analysis, Forecasting trends",3,SAFe (Scaled Agile Framework),3,4,1,2,2,1,4,Enhanced predictive capabilities in product development,Resistance to change from leadership
Innovation Officer,101 - 250 employees,Software Development,1 - 3 years,1,Machine Learning,"Customer segmentation, Product development",3,We don’t use Agile,1,1,2,4,2,3,4,"Automation of repetitive planning tasks.
","Data quality issues affect AI model reliability.
"
Strategy / Operations Manager,1 - 10 employees,Software Development,4 - 6 years,1,Chatbots / Virtual Assistants,We do not use AI in strategic contexts,2,Lean Startup,3,3,5,2,4,1,1," Stronger alignment between strategy and execution.
","Team lacks the technical skills to fully utilize AI.
"
 Innovation Officer,Over 250 employees,"HealthTech, E-commerce",More than 6 years,1,"Machine Learning, Predictive Analytics","Customer segmentation, Product development",1,SAFe (Scaled Agile Framework),5,1,3,1,3,1,4,"Improved decision-making through real-time data insights.
","Integrating AI tools with existing workflows is difficult.
"
Product Manager,51 - 100 employees,"EdTech, AI/ML Services",4 - 6 years,2,"Machine Learning, Natural Language Processing, Computer Vision",We do not use AI in strategic contexts,2,Lean Startup,1,3,2,4,4,2,1,"Automation of repetitive planning tasks.
","Integrating AI tools with existing workflows is difficult.
"
Product Manager,Over 250 employees,"HealthTech, E-commerce",More than 6 years,1,"Machine Learning, Predictive Analytics","Market analysis, Forecasting trends",2,Scrum,4,2,3,4,1,5,2,"Stronger alignment between strategy and execution.
","Data quality issues affect AI model reliability.
"
CEO / CTO,51 - 100 employees,Software Development,More than 6 years,5,"Recommendation Systems, Computer Vision",We do not use AI in strategic contexts,5,Kanban,3,3,1,2,5,1,1,"Stronger alignment between strategy and execution.
","Data quality issues affect AI model reliability.
"
software developer ,51 - 100 employees,Software Development,4 - 6 years,2,Machine Learning,"Customer segmentation, Product development, Forecasting trends",2,We don’t use Agile,2,3,3,2,4,4,4,Faster respinse to market trends and customer needs.,It's hard to align agile flexibility with ridgid AI model strucures.
CEO / CTO,Over 250 employees,"FinTech, AI/ML Services",Less than 1 year,1,Computer Vision,We do not use AI in strategic contexts,1,"Scrum, Kanban",1,5,2,5,3,2,4," Improved decision-making through real-time data insights.
","Integrating AI tools with existing workflows is difficult.
"
Founder / Co - Founder,11 - 50 employees,"FinTech, AI/ML Services",1 - 3 years,1,"Machine Learning, Natural Language Processing, Recommendation Systems",We do not use AI in strategic contexts,3,Lean Startup,3,1,2,1,3,2,3,"Stronger alignment between strategy and execution.
","It’s hard to align agile flexibility with rigid AI model structures.
"
Product Manager,51 - 100 employees,"FinTech, AI/ML Services",1 - 3 years,3,"Machine Learning, Natural Language Processing, Computer Vision","Customer segmentation, Product development",2,We don’t use Agile,5,2,3,4,2,1,3,Faster response to market trends and customer needs,Team lacks the technical skills to fully utilize AI.
Agile Coach / Scrum Master,11 - 50 employees,"HealthTech, E-commerce",1 - 3 years,5,We do not use AI,"Market analysis, Forecasting trends",3,SAFe (Scaled Agile Framework),4,4,1,5,4,1,5,Faster response to market trends and customer needs,Data quality issues affect AI model reliability
Strategy / Operations Manager,1 - 10 employees,AI/ML Services,4 - 6 years,5,"Chatbots / Virtual Assistants, Recommendation Systems","Customer segmentation, Product development",4,Kanban,1,3,5,1,5,4,4,Enhanced predictive capabilities in product development,Resistance to change from leadership.
Product Manager,51 - 100 employees,E-commerce,More than 6 years,4,Chatbots / Virtual Assistants,"Product development, Risk management",5,Kanban,5,5,5,4,4,4,4,Enhance predictive capabilities in product development.,Data quality issues affect AI model capabilities.
CEO / CTO,Over 250 employees,"HealthTech, E-commerce",1 - 3 years,4,"Machine Learning, Predictive Analytics","Market analysis, Customer segmentation, Product development, Forecasting trends",4,Lean Startup,1,2,1,2,1,2,5,Enhanced predictive capabilities in product development.,Integrating AI tools with existing workflows is difficult
Product Manager,Over 250 employees,"HealthTech, E-commerce",4 - 6 years,3,We do not use AI,"Market analysis, Customer segmentation, Product development, Forecasting trends",3,Kanban,5,2,5,5,1,2,1,Faster response to market trends and customer needs.,: It’s hard to align agile flexibility with rigid AI model structures.
Innovation Officer,101 - 250 employees,"FinTech, AI/ML Services",More than 6 years,5,"Natural Language Processing, Chatbots / Virtual Assistants",We do not use AI in strategic contexts,1,"Scrum, Kanban",5,4,5,5,5,3,1,Automation of repetitive planning tasks.,Team lacks the technical skills to fully utilize AI.
Founder / Co - Founder,101 - 250 employees,Software Development,4 - 6 years,5,"Recommendation Systems, Computer Vision","Decision-making support, Risk management",3,Lean Startup,1,1,1,5,2,1,3,Improved decision-making through real-time data insights.,Data quality issues affect AI model reliability.
Founder / Co - Founder,1 - 10 employees,"HealthTech, E-commerce",Less than 1 year,3,"Recommendation Systems, Computer Vision",We do not use AI in strategic contexts,1,SAFe (Scaled Agile Framework),1,5,5,4,1,2,5,Improved decision-making through real-time data insights,Data quality issues affect AI model reliability.
CEO / CTO,11 - 50 employees,"HealthTech, E-commerce",1 - 3 years,3,"Natural Language Processing, Chatbots / Virtual Assistants","Market analysis, Forecasting trends",2,SAFe (Scaled Agile Framework),3,2,3,5,1,5,2,Faster response to market trends and customer needs.,Team lacks the technical skills to fully utilize AI.
CEO / CTO,51 - 100 employees,"EdTech, AI/ML Services",1 - 3 years,5,We do not use AI,"Customer segmentation, Product development",1,"Scrum, Kanban",5,4,5,5,3,2,5,Stronger alignment between strategy and execution.,Integrating AI tools with existing workflows is difficult.
CEO / CTO,101 - 250 employees,AI/ML Services,Less than 1 year,1,"Machine Learning, Predictive Analytics","Market analysis, Customer segmentation, Product development, Forecasting trends",2,Scrum,4,3,2,4,3,2,2," Stronger alignment between strategy and execution.
","It’s hard to align agile flexibility with rigid AI model structures.
"
CEO / CTO,101 - 250 employees,"Software Development, FinTech, AI/ML Services",1 - 3 years,5,We do not use AI,"Market analysis, Forecasting trends",4,We don’t use Agile,3,5,4,3,2,5,1,"Automation of repetitive planning tasks.
","eam lacks the technical skills to fully utilize AI.
"
Innovation Officer,Over 250 employees,"FinTech, AI/ML Services",More than 6 years,2,"Chatbots / Virtual Assistants, Recommendation Systems",We do not use AI in strategic contexts,4,Scrum,3,1,2,5,1,3,4,"Stronger alignment between strategy and execution.
","Data quality issues affect AI model reliability.
"
CEO / CTO,101 - 250 employees,AI/ML Services,More than 6 years,5,"Chatbots / Virtual Assistants, Recommendation Systems","Customer segmentation, Product development",2,Scrum,3,1,1,1,2,1,1,"Faster response to market trends and customer needs.
","Resistance to change from leadership.
"
Strategy / Operations Manager,11 - 50 employees,"Software Development, FinTech, AI/ML Services",Less than 1 year,2,"Chatbots / Virtual Assistants, Recommendation Systems","Market analysis, Forecasting trends",1,"Scrum, Kanban",1,4,4,2,4,2,1,"Enhanced predictive capabilities in product development.
","Data quality issues affect AI model reliability.
"
Strategy / Operations Manager,51 - 100 employees,"EdTech, AI/ML Services",More than 6 years,1,Chatbots / Virtual Assistants,"Decision-making support, Risk management",4,"Scrum, Kanban",5,1,3,5,5,3,2,"Enhanced predictive capabilities in product development.
","Integrating AI tools with existing workflows is difficult.
"
Agile Coach / Scrum Master,1 - 10 employees,"Software Development, FinTech, AI/ML Services",Less than 1 year,4,"Chatbots / Virtual Assistants, Recommendation Systems","Market analysis, Forecasting trends",2,Scrum,4,1,2,2,5,5,2,"Improved decision-making through real-time data insights.
","Resistance to change from leadership.
"
Product Manager,1 - 10 employees,"Software Development, FinTech, AI/ML Services",4 - 6 years,2,"Natural Language Processing, Chatbots / Virtual Assistants",We do not use AI in strategic contexts,2,Kanban,5,1,4,4,5,5,3,"Faster response to market trends and customer needs.
","Resistance to change from leadership.
"
Agile Coach / Scrum Master,51 - 100 employees,"Software Development, FinTech, AI/ML Services",More than 6 years,5,"Chatbots / Virtual Assistants, Recommendation Systems","Customer segmentation, Product development",1,Lean Startup,5,1,5,2,4,2,5,Improved decision-making through real-time data insights.,Integrating AI tools with existing workflows is difficult
Product Manager,101 - 250 employees,"FinTech, AI/ML Services",4 - 6 years,2,"Machine Learning, Natural Language Processing, Computer Vision","Market analysis, Forecasting trends",1,Scrum,2,1,3,1,3,2,2,Stronger alignment between strategy and execution.,Data quality issues affect AI model reliability
Strategy / Operations Manager,51 - 100 employees,AI/ML Services,Less than 1 year,5,"Natural Language Processing, Chatbots / Virtual Assistants","Market analysis, Forecasting trends",5,SAFe (Scaled Agile Framework),1,5,3,3,5,1,2,"Stronger alignment between strategy and execution.
",Resistance to change from leadership.
Founder / Co - Founder,101 - 250 employees,AI/ML Services,More than 6 years,3,"Natural Language Processing, Chatbots / Virtual Assistants","Market analysis, Customer segmentation, Product development, Forecasting trends",3,Kanban,2,3,2,1,2,3,5,Automation of repetitive planning tasks.,: It’s hard to align agile flexibility with rigid AI model structures.
CEO / CTO,Over 250 employees,"Software Development, FinTech, AI/ML Services",4 - 6 years,1,"Natural Language Processing, Chatbots / Virtual Assistants","Customer segmentation, Product development",4,We don’t use Agile,5,1,3,3,3,4,2,Faster response to market trends and customer needs.,: It’s hard to align agile flexibility with rigid AI model structures.
CEO / CTO,11 - 50 employees,"FinTech, AI/ML Services",4 - 6 years,5,"Chatbots / Virtual Assistants, Recommendation Systems","Customer segmentation, Product development",5,SAFe (Scaled Agile Framework),3,3,4,1,3,3,4,Enhanced predictive capabilities in product development.,Team lacks the technical skills to fully utilize AI.
Agile Coach / Scrum Master,11 - 50 employees,"HealthTech, E-commerce",1 - 3 years,4,"Machine Learning, Predictive Analytics","Decision-making support, Risk management",1,We don’t use Agile,4,5,4,1,2,3,4,: Faster response to market trends and customer needs.,: Team lacks the technical skills to fully utilize AI.
Innovation Officer,11 - 50 employees,Software Development,1 - 3 years,4,"Machine Learning, Predictive Analytics","Customer segmentation, Product development",5,SAFe (Scaled Agile Framework),3,2,3,5,1,4,4,Automation of repetitive planning tasks.,: It’s hard to align agile flexibility with rigid AI model structures.
Innovation Officer,101 - 250 employees,"HealthTech, E-commerce",1 - 3 years,5,"Machine Learning, Natural Language Processing, Computer Vision","Market analysis, Forecasting trends",1,"Scrum, Kanban",5,1,3,1,1,1,5,Faster response to market trends and customer needs.,Data quality issues affect AI model reliability.
: Innovation Officer,51 - 100 employees,Software Development,Less than 1 year,3,"Machine Learning, Predictive Analytics",We do not use AI in strategic contexts,3,SAFe (Scaled Agile Framework),4,5,4,5,5,5,3,Improved decision-making through real-time data insights,Resistance to change from leadership.
: Innovation Officer,11 - 50 employees,"HealthTech, E-commerce",More than 6 years,4,"Chatbots / Virtual Assistants, Recommendation Systems",We do not use AI in strategic contexts,5,"Scrum, Kanban",4,1,2,4,5,2,4,Enhanced predictive capabilities in product development,Data quality issues affect AI model reliability
Innovation Officer,101 - 250 employees,Software Development,4 - 6 years,1,"Natural Language Processing, Chatbots / Virtual Assistants",We do not use AI in strategic contexts,5,SAFe (Scaled Agile Framework),1,5,3,2,4,1,5,Stronger alignment between strategy and execution,Resistance to change from leadership.
Founder / Co - Founder,1 - 10 employees,"Software Development, FinTech, AI/ML Services",Less than 1 year,3,"Recommendation Systems, Computer Vision","Market analysis, Forecasting trends",3,"Scrum, Kanban",2,5,2,1,5,4,3,Automation of repetitive planning tasks.,It’s hard to align agile flexibility with rigid AI model structures.
Agile Coach / Scrum Master,51 - 100 employees,"FinTech, AI/ML Services",1 - 3 years,1,"Natural Language Processing, Chatbots / Virtual Assistants","Customer segmentation, Product development",1,We don’t use Agile,1,5,3,4,4,5,5,Faster response to market trends and customer needs.,It’s hard to align agile flexibility with rigid AI model structures.
Agile Coach / Scrum Master,11 - 50 employees,Software Development,4 - 6 years,2,"Recommendation Systems, Computer Vision","Decision-making support, Risk management",1,Lean Startup,3,2,1,2,4,1,1,Enhanced predictive capabilities in product development.,Team lacks the technical skills to fully utilize AI.
Product Manager,Over 250 employees,"HealthTech, E-commerce",1 - 3 years,2,"Recommendation Systems, Computer Vision","Market analysis, Decision-making support, Risk management",4,Kanban,3,2,2,4,3,4,1,Automation of repetitive planning tasks.,Integrating AI tools with existing workflows is difficult.
Agile Coach / Scrum Master,1 - 10 employees,"EdTech, AI/ML Services",1 - 3 years,1,"Natural Language Processing, Chatbots / Virtual Assistants","Market analysis, Customer segmentation, Product development, Forecasting trends",1,We don’t use Agile,3,5,4,4,1,2,1,Stronger alignment between strategy and execution.,Team lacks the technical skills to fully utilize AI.
Product Manager,51 - 100 employees,AI/ML Services,Less than 1 year,2,"Machine Learning, Natural Language Processing, Computer Vision","Market analysis, Customer segmentation, Product development, Forecasting trends",1,Lean Startup,2,3,5,5,1,5,4,Improved decision-making through real-time data insights.,Integrating AI tools with existing workflows is difficult.
Agile Coach / Scrum Master,51 - 100 employees,"FinTech, AI/ML Services",1 - 3 years,4,We do not use AI,We do not use AI in strategic contexts,4,Scrum,5,4,3,5,5,1,1,Enhanced predictive capabilities in product development.,Data quality issues affect AI model reliability.
Agile Coach / Scrum Master,Over 250 employees,"HealthTech, E-commerce",More than 6 years,4,"Machine Learning, Predictive Analytics","Market analysis, Customer segmentation, Product development, Forecasting trends",2,SAFe (Scaled Agile Framework),3,2,3,5,4,3,4,: Stronger alignment between strategy and execution.,Resistance to change from leadership.
Product Manager,1 - 10 employees,Software Development,1 - 3 years,3,"Machine Learning, Natural Language Processing, Computer Vision","Decision-making support, Risk management",3,Kanban,3,5,4,3,3,1,4,Improved decision-making through real-time data insights.,Team lacks the technical skills to fully utilize AI
Innovation Officer,51 - 100 employees,Software Development,1 - 3 years,5,"Chatbots / Virtual Assistants, Recommendation Systems",We do not use AI in strategic contexts,3,"Scrum, Kanban",4,3,4,4,2,2,1, Improved decision-making through real-time data insights.,Integrating AI tools with existing workflows is difficult.
Innovation Officer,Over 250 employees,"HealthTech, E-commerce",Less than 1 year,3,"Recommendation Systems, Computer Vision","Customer segmentation, Product development",1,"Scrum, Kanban",5,1,3,5,4,5,4,Automation of repetitive planning tasks.,Integrating AI tools with existing workflows is difficult.
CEO / CTO,1 - 10 employees,"Software Development, FinTech, AI/ML Services",More than 6 years,1,We do not use AI,"Decision-making support, Risk management",5,Lean Startup,2,3,4,4,3,5,4,Improved decision-making through real-time data insights., It’s hard to align agile flexibility with rigid AI model structures.
CEO / CTO,1 - 10 employees,Software Development,Less than 1 year,4,"Natural Language Processing, Chatbots / Virtual Assistants","Market analysis, Forecasting trends",2,SAFe (Scaled Agile Framework),3,1,3,1,1,2,1,Automation of repetitive planning tasks.,Data quality issues affect AI model reliability.
Product Manager,1 - 10 employees,"HealthTech, E-commerce",More than 6 years,5,"Machine Learning, Natural Language Processing, Computer Vision","Market analysis, Customer segmentation, Product development, Forecasting trends",4,Scrum,1,3,3,1,1,4,3,Stronger alignment between strategy and execution.,It’s hard to align agile flexibility with rigid AI model structures.
Product Manager,101 - 250 employees,"Software Development, FinTech, AI/ML Services",Less than 1 year,2,"Chatbots / Virtual Assistants, Recommendation Systems","Market analysis, Customer segmentation, Product development, Forecasting trends",3,SAFe (Scaled Agile Framework),2,5,5,5,3,4,2,Automation of repetitive planning tasks.,Resistance to change from leadership
CEO / CTO,101 - 250 employees,"Software Development, FinTech, AI/ML Services",More than 6 years,2,"Chatbots / Virtual Assistants, Recommendation Systems","Market analysis, Forecasting trends",5,Kanban,2,2,1,2,1,1,4,Faster response to market trends and customer needs., It’s hard to align agile flexibility with rigid AI model structures.
Product Manager,11 - 50 employees,Software Development,1 - 3 years,3,"Machine Learning, Predictive Analytics","Decision-making support, Risk management",4,Kanban,1,5,1,1,5,5,4,Faster response to market trends and customer needs.,Team lacks the technical skills to fully utilize AI.
Product Manager,51 - 100 employees,"Software Development, FinTech, AI/ML Services",More than 6 years,4,"Recommendation Systems, Computer Vision",We do not use AI in strategic contexts,5,SAFe (Scaled Agile Framework),1,4,2,4,3,1,1, Stronger alignment between strategy and execution.,Integrating AI tools with existing workflows is difficult.
CEO / CTO,Over 250 employees,"FinTech, AI/ML Services",4 - 6 years,4,"Machine Learning, Predictive Analytics","Market analysis, Customer segmentation, Product development, Forecasting trends",2,We don’t use Agile,4,1,1,1,2,5,5,Faster response to market trends and customer needs., It’s hard to align agile flexibility with rigid AI model structures.
Product Manager,Over 250 employees,Software Development,4 - 6 years,2,"Natural Language Processing, Chatbots / Virtual Assistants","Customer segmentation, Forecasting trends",2,We don’t use Agile,4,3,1,4,1,2,5,Faster response to market trends and customer needs.,It’s hard to align agile flexibility with rigid AI model structures.
CEO / CTO,Over 250 employees,"HealthTech, E-commerce",4 - 6 years,3,"Recommendation Systems, Computer Vision","Market analysis, Customer segmentation, Product development, Forecasting trends",3,SAFe (Scaled Agile Framework),1,4,2,1,5,4,3,Automation of repetitive planning tasks,Resistance to change from leadership
CEO / CTO,101 - 250 employees,"Software Development, FinTech, AI/ML Services",1 - 3 years,4,"Recommendation Systems, Computer Vision","Market analysis, Forecasting trends",4,We don’t use Agile,1,2,2,4,5,5,3,Automation of repetitive planning tasks.,Resistance to change from leadership.
CEO / CTO,11 - 50 employees,"HealthTech, E-commerce",4 - 6 years,2,"Machine Learning, Natural Language Processing, Computer Vision","Market analysis, Forecasting trends",2,Scrum,3,3,1,1,4,5,2,Faster response to market trends and customer needs,Team lacks the technical skills to fully utilize AI.
Agile Coach / Scrum Master,1 - 10 employees,"HealthTech, E-commerce",Less than 1 year,1,"Machine Learning, Natural Language Processing, Computer Vision",We do not use AI in strategic contexts,1,Kanban,4,1,2,2,5,4,2,Automation of repetitive planning tasks.,Resistance to change from leadership.
Innovation Officer,Over 250 employees,"Software Development, FinTech, AI/ML Services",More than 6 years,4,We do not use AI,"Decision-making support, Risk management",4,Scrum,3,5,5,1,1,1,4,Stronger alignment between strategy and execution., It’s hard to align agile flexibility with rigid AI model structures.
Innovation Officer,Over 250 employees,Software Development,1 - 3 years,3,"Machine Learning, Predictive Analytics",We do not use AI in strategic contexts,3,Kanban,5,4,3,2,1,1,4,Improved decision-making through real-time data insights.,Team lacks the technical skills to fully utilize AI.
Innovation Officer,101 - 250 employees,"HealthTech, E-commerce",More than 6 years,2,"Machine Learning, Predictive Analytics","Decision-making support, Risk management",1,We don’t use Agile,2,4,5,2,3,3,4,Improved decision-making through real-time data insights.,Integrating AI tools with existing workflows is difficult.
CEO / CTO,Over 250 employees,"EdTech, AI/ML Services",More than 6 years,4,"Natural Language Processing, Chatbots / Virtual Assistants","Decision-making support, Risk management",3,Kanban,4,3,5,5,4,5,5, Enhanced predictive capabilities in product development., Team lacks the technical skills to fully utilize AI.
Product Manager,51 - 100 employees,Software Development,1 - 3 years,2,"Machine Learning, Computer Vision","Market analysis, Decision-making support, Forecasting trends",3,We don’t use Agile,1,2,1,3,2,4,2,"It accelerates data analysis, saving time and improving accuracy.","Yes, AI workflows don’t always fit into 2-week sprints."
CEO / CTO,11 - 50 employees,"FinTech, AI/ML Services",1 - 3 years,3,"Machine Learning, Computer Vision","Market analysis, Forecasting trends",3,Kanban,3,1,3,4,2,3,1,AI helps predict trends and risks before they occur,Hard to write clear user stories or acceptance criteria for AI models.
Founder / Co - Founder,Over 250 employees,"Software Development, FinTech, HealthTech",More than 6 years,4,"Machine Learning, Predictive Analytics, Computer Vision","Market analysis, Customer segmentation, Risk management, Forecasting trends",4,SAFe (Scaled Agile Framework),3,4,1,4,1,4,3,It enables data-driven decision-making.,Data quality issues often delay model training.
Product Manager,51 - 100 employees,"Software Development, HealthTech",1 - 3 years,3,"Chatbots / Virtual Assistants, Computer Vision","Market analysis, Customer segmentation, Risk management",2,Scrum,5,1,3,2,3,1,5,Supports real-time scenario planning and forecasting.,"Team members may lack AI understanding, causing misalignment."
CEO / CTO,Over 250 employees,"FinTech, EdTech, AI/ML Services",More than 6 years,4,"Machine Learning, Chatbots / Virtual Assistants, Computer Vision","Decision-making support, Risk management, Forecasting trends",4,SAFe (Scaled Agile Framework),4,1,1,3,1,2,4,Allows for smarter resource allocation and prioritization.,"AI projects often require longer experimentation cycles, conflicting with Agile’s fast delivery focus."
Innovation Officer,Over 250 employees,"FinTech, AI/ML Services",1 - 3 years,3,"Natural Language Processing, Chatbots / Virtual Assistants",We do not use AI in strategic contexts,1,Lean Startup,2,2,1,1,1,5,4,Automation of repetitive planning tasks,Team lacks the technical skills to fully utilize AI
Strategy / Operations Manager,11 - 50 employees,Software Development,4 - 6 years,4,We do not use AI,"Market analysis, Forecasting trends",4,SAFe (Scaled Agile Framework),3,5,2,5,4,5,4,Stronger alignment between strategy and execution,Data quality issues affect AI model reliability
Strategy / Operations Manager,11 - 50 employees,AI/ML Services,Less than 1 year,4,"Natural Language Processing, Chatbots / Virtual Assistants",We do not use AI in strategic contexts,4,Lean Startup,3,2,5,3,5,3,5,Stronger alignment between strategy and execution.,Resistance to change from leadership.
Strategy / Operations Manager,51 - 100 employees,Software Development,Less than 1 year,2,"Machine Learning, Natural Language Processing, Computer Vision","Customer segmentation, Product development",4,We don’t use Agile,4,5,3,1,5,2,5,Stronger alignment between strategy and execution.,Data quality issues affect AI model reliability.
Innovation Officer,101 - 250 employees,"HealthTech, E-commerce",More than 6 years,4,"Natural Language Processing, Chatbots / Virtual Assistants","Market analysis, Forecasting trends",4,Lean Startup,4,2,3,1,4,2,1,Improved decision-making through real-time data insights,It’s hard to align agile flexibility with rigid AI model structures.
Founder / Co - Founder,Over 250 employees,Software Development,1 - 3 years,5,"Natural Language Processing, Chatbots / Virtual Assistants","Market analysis, Forecasting trends",3,SAFe (Scaled Agile Framework),1,4,1,5,5,4,2,Automation of repetitive planning tasks.,Resistance to change from leadership.
Innovation Officer,101 - 250 employees,"Software Development, FinTech, AI/ML Services",4 - 6 years,4,"Machine Learning, Natural Language Processing, Computer Vision","Customer segmentation, Product development",1,"Scrum, Kanban",2,3,2,1,3,2,1,Improved decision-making through real-time data insights.,Integrating AI tools with existing workflows is difficult.
Strategy / Operations Manager,Over 250 employees,"HealthTech, E-commerce",More than 6 years,1,We do not use AI,"Market analysis, Forecasting trends",1,SAFe (Scaled Agile Framework),4,3,5,1,1,5,1,Enhanced predictive capabilities in product development.,Integrating AI tools with existing workflows is difficult.
CEO / CTO,11 - 50 employees,"Software Development, FinTech, AI/ML Services",4 - 6 years,3,"Natural Language Processing, Chatbots / Virtual Assistants","Decision-making support, Product development",4,"Scrum, Kanban",2,2,1,5,4,3,1,Improved decision-making through real-time data insights.,It’s hard to align agile flexibility with rigid AI model structures.
Strategy / Operations Manager,101 - 250 employees,"FinTech, AI/ML Services",1 - 3 years,2,"Recommendation Systems, Computer Vision",We do not use AI in strategic contexts,4,We don’t use Agile,5,4,5,4,5,3,4,Stronger alignment between strategy and execution.,Data quality issues affect AI model reliability.
Agile Coach / Scrum Master,51 - 100 employees,"Software Development, FinTech, AI/ML Services",Less than 1 year,4,"Natural Language Processing, Chatbots / Virtual Assistants","Decision-making support, Risk management",2,Kanban,4,5,5,3,2,1,2,Faster response to market trends and customer needs.,Team lacks the technical skills to fully utilize AI.
Agile Coach / Scrum Master,1 - 10 employees,"Software Development, FinTech, AI/ML Services",4 - 6 years,1,We do not use AI,"Customer segmentation, Product development",1,"Scrum, Kanban",4,5,4,2,2,1,4,Faster response to market trends and customer needs.,Integrating AI tools with existing workflows is difficult.
Strategy / Operations Manager,101 - 250 employees,"EdTech, AI/ML Services",Less than 1 year,5,"Chatbots / Virtual Assistants, Recommendation Systems","Decision-making support, Risk management",4,SAFe (Scaled Agile Framework),1,3,1,3,4,3,3,Improved decision-making through real-time data insights.,Resistance to change from leadership.
Strategy / Operations Manager,101 - 250 employees,HealthTech,1 - 3 years,5,We do not use AI,"Market analysis, Customer segmentation, Product development, Forecasting trends",2,Kanban,3,5,5,3,1,2,5,Stronger alignment between strategy and execution,Team lacks the technical skills to fully utilize AI.
Product Manager,51 - 100 employees,"HealthTech, E-commerce",1 - 3 years,3,"Machine Learning, Natural Language Processing, Computer Vision",We do not use AI in strategic contexts,4,We don’t use Agile,3,5,4,3,5,2,5,Improved decision-making through real-time data insights,: It’s hard to align agile flexibility with rigid AI model structures.
Agile Coach / Scrum Master,1 - 10 employees,"HealthTech, E-commerce",More than 6 years,5,"Natural Language Processing, Chatbots / Virtual Assistants","Market analysis, Customer segmentation, Product development, Forecasting trends",3,Kanban,4,5,2,1,3,5,3,Automation of repetitive planning tasks.,: It’s hard to align agile flexibility with rigid AI model structures.
Innovation Officer,101 - 250 employees,"HealthTech, E-commerce",4 - 6 years,5,"Recommendation Systems, Computer Vision","Decision-making support, Risk management",3,Scrum,3,4,5,1,2,4,3,Stronger alignment between strategy and execution.,Data quality issues affect AI model reliability.
Product Manager,101 - 250 employees,"FinTech, AI/ML Services",1 - 3 years,5,"Chatbots / Virtual Assistants, Recommendation Systems","Market analysis, Forecasting trends",2,We don’t use Agile,3,5,2,4,3,4,4,Stronger alignment between strategy and execution.,Team lacks the technical skills to fully utilize AI.
Product Manager,Over 250 employees,"HealthTech, E-commerce",1 - 3 years,5,"Chatbots / Virtual Assistants, Recommendation Systems","Decision-making support, Risk management",4,Scrum,1,3,4,2,2,4,4,Stronger alignment between strategy and execution.,Integrating AI tools with existing workflows is difficult
Founder / Co - Founder,Over 250 employees,"FinTech, AI/ML Services",1 - 3 years,2,"Machine Learning, Predictive Analytics",We do not use AI in strategic contexts,3,We don’t use Agile,3,4,4,3,5,2,3,Faster response to market trends and customer needs.,Data quality issues affect AI model reliability.
CEO / CTO,51 - 100 employees,"Software Development, FinTech, AI/ML Services",More than 6 years,1,"Chatbots / Virtual Assistants, Recommendation Systems","Market analysis, Forecasting trends",4,Scrum,5,2,4,2,1,4,4,Stronger alignment between strategy and execution.,It’s hard to align agile flexibility with rigid AI model structures.
CEO / CTO,101 - 250 employees,"EdTech, AI/ML Services",1 - 3 years,5,"Recommendation Systems, Computer Vision","Market analysis, Forecasting trends",5,"Scrum, Kanban",1,2,3,2,5,5,4,Improved decision-making through real-time data insights,Resistance to change from leadership
Agile Coach / Scrum Master,Over 250 employees,AI/ML Services,Less than 1 year,1,"Machine Learning, Predictive Analytics",We do not use AI in strategic contexts,3,Scrum,2,2,5,5,4,3,5,: Improved decision-making through real-time data insights,It’s hard to align agile flexibility with rigid AI model structures.
CEO / CTO,101 - 250 employees,AI/ML Services,4 - 6 years,5,"Machine Learning, Natural Language Processing, Computer Vision","Market analysis, Forecasting trends",4,SAFe (Scaled Agile Framework),5,1,1,5,3,3,4,Faster response to market trends and customer needs,Integrating AI tools with existing workflows is difficult.
Product Manager,11 - 50 employees,AI/ML Services,4 - 6 years,1,Computer Vision,"Decision-making support, Risk management",2,"Scrum, Kanban",3,1,3,1,2,3,5, Enhanced predictive capabilities in product development.,Data quality issues affect AI model reliability.
Innovation Officer,101 - 250 employees,"HealthTech, E-commerce",Less than 1 year,5,We do not use AI,"Decision-making support, Risk management",1,"Scrum, Kanban",3,3,2,1,3,5,1,Stronger alignment between strategy and execution,Data quality issues affect AI model reliability
Product Manager,Over 250 employees,"FinTech, AI/ML Services",4 - 6 years,2,"Machine Learning, Natural Language Processing, Computer Vision","Customer segmentation, Product development",4,"Scrum, Kanban",4,5,4,5,2,3,4,Stronger alignment between strategy and execution,Data quality issues affect AI model reliability
Agile Coach / Scrum Master,101 - 250 employees,"HealthTech, E-commerce",More than 6 years,1,"Chatbots / Virtual Assistants, Recommendation Systems","Decision-making support, Risk management",4,Scrum,5,1,1,5,1,2,2,: Improved decision-making through real-time data insights,Data quality issues affect AI model reliability
Agile Coach / Scrum Master,1 - 10 employees,"FinTech, AI/ML Services",More than 6 years,2,"Chatbots / Virtual Assistants, Recommendation Systems","Customer segmentation, Product development",1,We don’t use Agile,1,3,4,2,2,4,4,Automation of repetitive planning tasks,Data quality issues affect AI model reliability.
Founder / Co - Founder,1 - 10 employees,AI/ML Services,1 - 3 years,1,Chatbots / Virtual Assistants,"Decision-making support, Risk management",4,We don’t use Agile,4,4,4,1,1,5,1,Automation of repetitive planning tasks.,Data quality issues affect AI model reliability.
CEO / CTO,Over 250 employees,"FinTech, AI/ML Services",4 - 6 years,5,Computer Vision,"Market analysis, Forecasting trends",3,"Scrum, Kanban",3,3,3,1,3,3,2, Automation of repetitive planning tasks.,Integrating AI tools with existing workflows is difficult.
Agile Coach / Scrum Master,11 - 50 employees,Software Development,4 - 6 years,3,We do not use AI,We do not use AI in strategic contexts,1,We don’t use Agile,3,5,2,2,5,3,4,Improved decision-making through real-time data insights.,Data quality issues affect AI model reliability.
Product Manager,101 - 250 employees,"HealthTech, E-commerce",1 - 3 years,3,"Recommendation Systems, Computer Vision","Market analysis, Customer segmentation, Product development, Forecasting trends",5,"Scrum, Kanban",4,2,2,3,4,2,5,Improved decision-making through real-time data insights,Team lacks the technical skills to fully utilize AI
Strategy / Operations Manager,1 - 10 employees,"HealthTech, E-commerce",More than 6 years,5,"Natural Language Processing, Chatbots / Virtual Assistants","Decision-making support, Risk management",2,We don’t use Agile,2,1,5,1,3,3,5,Automation of repetitive planning tasks.,Data quality issues affect AI model reliability.
Strategy / Operations Manager,11 - 50 employees,AI/ML Services,More than 6 years,2,"Recommendation Systems, Computer Vision","Market analysis, Forecasting trends",5,Lean Startup,3,1,3,1,4,2,3,Stronger alignment between strategy and execution,Team lacks the technical skills to fully utilize AI
Product Manager,51 - 100 employees,"EdTech, AI/ML Services",1 - 3 years,3,"Machine Learning, Natural Language Processing, Computer Vision","Customer segmentation, Product development",4,"Scrum, Kanban",1,3,4,4,5,2,2,Enhanced predictive capabilities in product development,Integrating AI tools with existing workflows is difficult
Product Manager,1 - 10 employees,Software Development,1 - 3 years,3,"Machine Learning, Natural Language Processing, Computer Vision","Decision-making support, Risk management",3,Kanban,3,5,4,3,3,1,4,Improved decision-making through real-time data insights.,Team lacks the technical skills to fully utilize AI.
Agile Coach / Scrum Master,51 - 100 employees,Software Development,1 - 3 years,5,"Chatbots / Virtual Assistants, Recommendation Systems",We do not use AI in strategic contexts,3,"Scrum, Kanban",4,3,4,4,2,2,1,: Improved decision-making through real-time data insights,Integrating AI tools with existing workflows is difficult.
CEO / CTO,Over 250 employees,"FinTech, AI/ML Services",4 - 6 years,5,We do not use AI,"Decision-making support, Risk management",4,"Scrum, Kanban",3,4,2,4,5,2,1,Faster response to market trends and customer needs.,Team lacks the technical skills to fully utilize AI.
Strategy / Operations Manager,Over 250 employees,"HealthTech, E-commerce",Less than 1 year,3,"Recommendation Systems, Computer Vision","Customer segmentation, Product development",1,"Scrum, Kanban",5,1,3,5,4,5,4,Automation of repetitive planning tasks,Integrating AI tools with existing workflows is difficult.
CEO / CTO,1 - 10 employees,"Software Development, FinTech, AI/ML Services",More than 6 years,1,We do not use AI,"Decision-making support, Risk management",5,Lean Startup,2,3,4,4,3,5,4,Improved decision-making through real-time data insights,It’s hard to align agile flexibility with rigid AI model structures.
CEO / CTO,1 - 10 employees,Software Development,Less than 1 year,4,"Natural Language Processing, Chatbots / Virtual Assistants","Market analysis, Forecasting trends",2,SAFe (Scaled Agile Framework),3,1,3,1,1,2,1,Automation of repetitive planning tasks,Data quality issues affect AI model reliability.
Product Manager,1 - 10 employees,"HealthTech, E-commerce",More than 6 years,5,"Machine Learning, Natural Language Processing, Computer Vision","Market analysis, Customer segmentation, Product development, Forecasting trends",4,Scrum,1,3,3,1,1,4,3,Stronger alignment between strategy and execution,It’s hard to align agile flexibility with rigid AI model structures.
Product Manager,101 - 250 employees,"Software Development, FinTech, AI/ML Services",Less than 1 year,2,"Chatbots / Virtual Assistants, Recommendation Systems","Market analysis, Customer segmentation, Product development, Forecasting trends",3,SAFe (Scaled Agile Framework),2,5,5,3,4,2,3,: Automation of repetitive planning tasks.,Resistance to change from leadership.
CEO / CTO,101 - 250 employees,"Software Development, FinTech, AI/ML Services",More than 6 years,2,"Chatbots / Virtual Assistants, Recommendation Systems","Market analysis, Forecasting trends",5,Kanban,2,2,1,2,1,1,4,Faster response to market trends and customer needs,: It’s hard to align agile flexibility with rigid AI model structures.
Product Manager,11 - 50 employees,Software Development,1 - 3 years,3,"Machine Learning, Predictive Analytics","Decision-making support, Risk management",4,Kanban,1,5,1,1,5,5,4,: Faster response to market trends and customer needs.,Team lacks the technical skills to fully utilize AI.
Product Manager,51 - 100 employees,"Software Development, FinTech, AI/ML Services",More than 6 years,4,"Recommendation Systems, Computer Vision",We do not use AI in strategic contexts,5,SAFe (Scaled Agile Framework),1,4,2,4,3,1,1,Stronger alignment between strategy and execution,Integrating AI tools with existing workflows is difficult
CEO / CTO,Over 250 employees,"FinTech, AI/ML Services",4 - 6 years,4,"Machine Learning, Predictive Analytics","Market analysis, Customer segmentation, Product development, Forecasting trends",2,We don’t use Agile,4,1,1,1,2,5,5,Faster response to market trends and customer needs.,It’s hard to align agile flexibility with rigid AI model structures.
Product Manager,Over 250 employees,Software Development,4 - 6 years,2,"Natural Language Processing, Chatbots / Virtual Assistants","Market analysis, Forecasting trends",2,We don’t use Agile,4,3,1,1,4,1,2,Faster response to market trends and customer needs.,It’s hard to align agile flexibility with rigid AI model structures.
CEO / CTO,Over 250 employees,"HealthTech, E-commerce",4 - 6 years,3,"Recommendation Systems, Computer Vision","Market analysis, Customer segmentation, Product development, Forecasting trends",3,SAFe (Scaled Agile Framework),1,4,2,1,5,4,3,Automation of repetitive planning tasks.,Resistance to change from leadership.
CEO / CTO,101 - 250 employees,"Software Development, FinTech, AI/ML Services",1 - 3 years,4,"Recommendation Systems, Computer Vision","Market analysis, Forecasting trends",4,We don’t use Agile,1,2,2,4,5,5,3,Automation of repetitive planning tasks.,Resistance to change from leadership
CEO / CTO,11 - 50 employees,"HealthTech, E-commerce",4 - 6 years,2,"Machine Learning, Natural Language Processing, Computer Vision","Market analysis, Forecasting trends",2,Scrum,3,3,1,1,4,5,2,Faster response to market trends and customer needs.,Team lacks the technical skills to fully utilize AI.
Agile Coach / Scrum Master,1 - 10 employees,"HealthTech, E-commerce",Less than 1 year,1,"Machine Learning, Natural Language Processing, Computer Vision",We do not use AI in strategic contexts,1,Kanban,4,1,2,2,5,4,2,Automation of repetitive planning tasks,Resistance to change from leadership
Product Manager,Over 250 employees,"Software Development, FinTech, AI/ML Services",More than 6 years,4,We do not use AI,"Decision-making support, Risk management",4,Scrum,3,5,5,1,1,1,4,Stronger alignment between strategy and execution.,It’s hard to align agile flexibility with rigid AI model structures.
Agile Coach / Scrum Master,Over 250 employees,Software Development,1 - 3 years,3,"Machine Learning, Predictive Analytics",We do not use AI in strategic contexts,3,Kanban,5,4,3,2,1,1,4,Improved decision-making through real-time data insights,Team lacks the technical skills to fully utilize AI
Agile Coach / Scrum Master,101 - 250 employees,"HealthTech, E-commerce",More than 6 years,2,"Machine Learning, Predictive Analytics","Decision-making support, Risk management",1,We don’t use Agile,2,4,5,2,3,3,4,Improved decision-making through real-time data insights.,Integrating AI tools with existing workflows is difficult.
CEO / CTO,Over 250 employees,"EdTech, AI/ML Services",More than 6 years,4,"Natural Language Processing, Chatbots / Virtual Assistants","Decision-making support, Risk management",3,Kanban,4,3,5,5,4,5,5,Enhanced predictive capabilities in product development,Team lacks the technical skills to fully utilize AI.
Strategy / Operations Manager,Over 250 employees,FinTech,1 - 3 years,3,"Natural Language Processing, Chatbots / Virtual Assistants",We do not use AI in strategic contexts,1,Lean Startup,2,2,1,1,1,5,4,Automation of repetitive planning tasks.,Team lacks the technical skills to fully utilize AI.
Strategy / Operations Manager,11 - 50 employees,Software Development,4 - 6 years,4,We do not use AI,"Market analysis, Forecasting trends",4,SAFe (Scaled Agile Framework),3,5,2,5,4,5,4,Stronger alignment between strategy and execution,Data quality issues affect AI model reliability.
Product Manager,Over 250 employees,"FinTech, AI/ML Services",1 - 3 years,1,"Recommendation Systems, Computer Vision","Customer segmentation, Product development",1,Kanban,4,3,2,3,2,1,1,Improved decision-making through real-time data insights,Resistance to change from leadership.
CEO / CTO,101 - 250 employees,E-commerce,1 - 3 years,1,We do not use AI,"Market analysis, Customer segmentation, Product development, Forecasting trends",3,We don’t use Agile,4,1,2,4,5,4,4,Automation of repetitive planning tasks,Team lacks the technical skills to fully utilize AI
Product Manager,101 - 250 employees,E-commerce,4 - 6 years,2,"Machine Learning, Predictive Analytics","Market analysis, Customer segmentation, Product development, Forecasting trends",4,SAFe (Scaled Agile Framework),3,2,5,2,5,2,4,Automation of repetitive planning tasks,Resistance to change from leadership
Agile Coach / Scrum Master,1 - 10 employees,Software Development,1 - 3 years,2,"Natural Language Processing, Chatbots / Virtual Assistants",We do not use AI in strategic contexts,5,Lean Startup,1,1,2,5,4,5,2,Improved decision-making through real-time data insights.,Team lacks the technical skills to fully utilize AI.
Founder / Co - Founder,Over 250 employees,"EdTech, AI/ML Services",More than 6 years,5,"Machine Learning, Natural Language Processing, Computer Vision","Decision-making support, Risk management",3,We don’t use Agile,2,4,1,2,5,2,2,Faster response to market trends and customer needs.,It’s hard to align agile flexibility with rigid AI model structures.
Agile Coach / Scrum Master,Over 250 employees,"HealthTech, E-commerce",More than 6 years,2,"Recommendation Systems, Computer Vision","Customer segmentation, Product development",3,Scrum,5,4,3,5,5,2,5,Improved decision-making through real-time data insights,It’s hard to align agile flexibility with rigid AI model structures.
Agile Coach / Scrum Master,101 - 250 employees,"HealthTech, E-commerce",1 - 3 years,2,"Chatbots / Virtual Assistants, Recommendation Systems","Market analysis, Customer segmentation, Product development, Forecasting trends",4,SAFe (Scaled Agile Framework),4,5,1,3,2,5,2,Automation of repetitive planning tasks,Resistance to change from leadership.
Strategy / Operations Manager,1 - 10 employees,"HealthTech, E-commerce",More than 6 years,1,"Chatbots / Virtual Assistants, Recommendation Systems","Customer segmentation, Product development",3,SAFe (Scaled Agile Framework),2,1,3,4,2,3,5,Improved decision-making through real-time data insights,It’s hard to align agile flexibility with rigid AI model structures.
Founder / Co - Founder,51 - 100 employees,"HealthTech, E-commerce",More than 6 years,2,"Natural Language Processing, Chatbots / Virtual Assistants","Customer segmentation, Product development",1,Scrum,5,4,5,2,5,2,3,Stronger alignment between strategy and execution,: Integrating AI tools with existing workflows is difficult.
CEO / CTO,101 - 250 employees,AI/ML Services,More than 6 years,3,"Machine Learning, Natural Language Processing, Computer Vision",We do not use AI in strategic contexts,2,Lean Startup,5,4,1,2,3,1,1,Faster response to market trends and customer needs,It’s hard to align agile flexibility with rigid AI model structures.
Strategy / Operations Manager,1 - 10 employees,"FinTech, AI/ML Services",Less than 1 year,4,"Machine Learning, Predictive Analytics",We do not use AI in strategic contexts,4,Kanban,4,1,1,4,2,3,5,Enhanced predictive capabilities in product development,Data quality issues affect AI model reliability
Strategy / Operations Manager,101 - 250 employees,AI/ML Services,Less than 1 year,1,"Chatbots / Virtual Assistants, Recommendation Systems","Customer segmentation, Product development",3,"Scrum, Kanban",4,4,5,2,3,5,5,Faster response to market trends and customer needs,: It’s hard to align agile flexibility with rigid AI model structures.
Agile Coach / Scrum Master,Over 250 employees,"FinTech, AI/ML Services",1 - 3 years,5,"Chatbots / Virtual Assistants, Recommendation Systems","Decision-making support, Risk management",5,SAFe (Scaled Agile Framework),2,4,5,2,1,1,5,Automation of repetitive planning tasks.,It’s hard to align agile flexibility with rigid AI model structures.
Product Manager,51 - 100 employees,"EdTech, AI/ML Services",4 - 6 years,5,"Machine Learning, Predictive Analytics","Market analysis, Customer segmentation, Product development, Forecasting trends",3,Lean Startup,3,1,3,4,2,5,1,Faster response to market trends and customer needs.,It’s hard to align agile flexibility with rigid AI model structures.
Strategy / Operations Manager,1 - 10 employees,"EdTech, AI/ML Services",1 - 3 years,1,"Machine Learning, Natural Language Processing, Computer Vision","Customer segmentation, Product development",3,Scrum,5,5,2,1,3,5,2,Automation of repetitive planning tasks,Team lacks the technical skills to fully utilize AI
Founder / Co - Founder,Over 250 employees,"HealthTech, E-commerce",4 - 6 years,4,"Recommendation Systems, Computer Vision","Market analysis, Customer segmentation, Product development, Forecasting trends",5,SAFe (Scaled Agile Framework),5,4,1,5,1,2,1,Enhanced predictive capabilities in product development.,Integrating AI tools with existing workflows is difficult
Agile Coach / Scrum Master,1 - 10 employees,"HealthTech, E-commerce",4 - 6 years,2,"Machine Learning, Natural Language Processing, Computer Vision","Customer segmentation, Product development",1,Scrum,3,3,5,5,5,4,2,Stronger alignment between strategy and execution,Resistance to change from leadership.
Strategy / Operations Manager,1 - 10 employees,"EdTech, AI/ML Services",Less than 1 year,4,We do not use AI,We do not use AI in strategic contexts,4,Lean Startup,1,2,4,3,3,4,5,Improved decision-making through real-time data insights,Resistance to change from leadership.
CEO / CTO,101 - 250 employees,"FinTech, AI/ML Services",1 - 3 years,3,"Recommendation Systems, Computer Vision","Decision-making support, Risk management",3,Scrum,3,5,2,1,3,2,1,Faster response to market trends and customer needs.,It’s hard to align agile flexibility with rigid AI model structures.
